,Col 0,Col 1,Col 2,Col 3
Row 0,80.9999999999999,89.99999999999996,99.99999999999996,0.0
Row 1,72.89999999999988,0.0,0.0,40.951
Row 2,65.60999999999984,58.88552159614409,31.58895690798194,9.102870000000001
